sub,run_is,r2_cv,r2_cv_std,r2_train,coefficient,coefficient_std,r2_scores,correlation,n_trials,null_r2
sub-01,run-01,0.09690604417373813,0.291361306040221,0.40139082032123274,0.4258733272254517,0.04735499824664573,"[-0.00588352886379262, -0.30541647566554264, 0.0833152326935448, 0.5984525472320676, 0.11406244547241351]",0.6335541179104063,40,-0.5212537581425959
sub-01,run-02,-0.21363172357668145,0.7214499738293505,0.3376854816470348,0.37400110440707124,0.09601301610848531,"[0.31640867821558916, 0.008128144433135143, 0.08059900244746887, 0.1685234571252041, -1.6418179001048046]",0.5811071171884192,40,-0.2255728780494735
sub-01,run-03,0.3892848395524878,0.2812113347551765,0.5850984804946118,0.49764206861609883,0.032352791546609354,"[0.3431205857024171, 0.002887881221394939, 0.2039927231867149, 0.6013590643953611, 0.7950639432565512]",0.764917303043023,42,-0.3117550544915062
sub-01,run-04,0.018247563936704236,0.8419558489238922,0.45406695374603356,0.5318288199125096,0.03581644321364246,"[0.5575106783950257, 0.2158356352744365, -1.6318328218641827, 0.2814152207480104, 0.6683091071302313]",0.6738449033316446,40,-0.18090317533154057
sub-01,run-05,0.2775900577589584,0.3896090703862177,0.489818573431555,0.5236398763128491,0.04446458952751427,"[0.6904272942284491, -0.19519473110617502, -0.1925820780420484, 0.5011720821971813, 0.584127721517385]",0.6998703975962658,40,-0.1297585283444031
sub-01,run-06,0.6000175303945744,0.1291564967583867,0.7463802641485195,0.685853722046242,0.031096216804847237,"[0.8164817079343802, 0.5044267834408974, 0.6819658678731573, 0.4905814548567857, 0.5066318378676515]",0.863933020637896,40,-0.7602495384127407
sub-01,run-07,0.040952085283084624,0.6532742927212056,0.3536017537440954,0.3526787663789598,0.047952841417064025,"[-1.226592513423479, 0.6360155940135874, 0.3806255181579892, 0.24132729300432665, 0.17338453466299886]",0.5946442245108374,40,-0.32253288084028536
sub-02,run-01,0.41723230367867475,0.20685257187626324,0.6324774089382014,0.7105774471462382,0.05971828604128812,"[0.1565895459808938, 0.3834433720524013, 0.3103154037737924, 0.45528429832312856, 0.7805288982631574]",0.7952844830236544,40,-1.2045222489080718
sub-02,run-02,0.45613818542540174,0.2349748778910597,0.5944341885991409,0.9011777063519629,0.0259246770911363,"[0.563001065090764, 0.6424846774986619, 0.6490523076038677, 0.020012470005311145, 0.40614040692840425]",0.770995582736465,40,-0.32896216110524895
sub-02,run-03,0.34286374947052545,0.22443974522045074,0.5172268794392014,0.6434792620800635,0.05677673433899955,"[0.3767031210986873, 0.011231943828584279, 0.23626090893958218, 0.6993489493350552, 0.39077382415071826]",0.7191848715310977,40,-0.18972540562320256
sub-02,run-04,0.5527619326236339,0.4469083899773469,0.6873462053076653,0.7421022857074328,0.057492746235718345,"[0.8277985073206879, -0.33568795550113584, 0.6874552695334573, 0.8135522856037938, 0.7706915561613669]",0.8290634507127094,20,0.04352232097529833
sub-02,run-05,0.46533031992565965,0.3019188632081288,0.6322292979076092,0.6895333017621486,0.04092082274673192,"[0.7159769744691573, 0.7357310465384918, -0.08404640340788316, 0.5733529727288011, 0.3856370092997311]",0.7951284788684213,40,-0.3200500073159196
sub-02,run-06,0.46666988111217195,0.20709798222791945,0.609988546191843,0.711932509831147,0.06689596379089593,"[0.30450739536952776, 0.525563521050215, 0.8268324502824623, 0.44302872018864947, 0.23341731867000504]",0.7810176350069459,40,-0.17788267718862244
sub-02,run-07,0.4237317509880175,0.24259402533153757,0.5770999888577046,0.6472856438445123,0.06647858550361362,"[0.13193861581655464, 0.2636542829835432, 0.8464683019862652, 0.4849929313621585, 0.39160462279156594]",0.7596709740787159,40,-0.3787959300571005
sub-02,run-08,0.3967809735065163,0.0992186373178052,0.5744466332872035,0.6142747565545051,0.03611694034496389,"[0.32853060767970266, 0.4658137303205495, 0.447863839513857, 0.5047206617257474, 0.23697602829272524]",0.757922577370013,40,-0.3325007663175785
sub-02,run-09,-0.761212809536912,2.4351329215396476,0.5236313036502953,0.5118394982974517,0.01756794824142932,"[0.5458740761080749, 0.305692348651577, 0.45194040210996644, 0.5190600962322016, -5.6286309707863795]",0.7236237307125127,40,-3.181551074927102
sub-02,run-10,0.39161371210120255,0.28215895063053614,0.50614937781763,0.6499083842148458,0.018502227219880894,"[0.12292955514794046, 0.8397636460352232, 0.05592939641427519, 0.4609836477860857, 0.47846231512248827]",0.7114417599618609,40,-0.17600987129446372
sub-02,run-11,0.5296628970920514,0.24186600488315596,0.6170248393183174,0.6118530945751794,0.01202003678612848,"[0.6003300927739736, 0.8302464329058459, 0.16439262418407952, 0.7051541119738975, 0.34819122362246036]",0.785509286589482,40,-0.31791186567129925
sub-02,run-12,0.3076147522325078,0.2945100114950773,0.5522079371077788,0.6069634407468444,0.04414470105370708,"[0.41118229803532624, 0.38602236716507976, -0.19624229057217013, 0.7042788902005578, 0.23283249633374514]",0.7431069486337607,40,-0.27353439055592
sub-02,run-13,0.7023945102465243,0.14611230508756168,0.7562170052879988,0.7123970562453523,0.011954833467668376,"[0.8410669908528772, 0.7914234263785461, 0.6887093772199078, 0.7634623437639174, 0.4273104130173726]",0.8696073857138055,40,-0.27335662652873627
sub-03,run-01,-0.7413070735320976,2.6948189175540955,0.6063259962936065,0.652611748596961,0.030082777193349296,"[0.8045391118152128, 0.20481981007399852, -6.113707435450919, 0.78355921504348, 0.6142539308577385]",0.778669375469208,32,-4.357421026113517
sub-03,run-02,-0.2085605830642022,0.42305118185610086,0.10165406208566208,0.22202167358732755,0.012028952090579902,"[-0.12207870215474337, -1.0389996492990212, -0.03779125724121646, 0.12450392938253907, 0.03156276399143099]",0.3188323416557079,30,-0.2687720897851597
sub-03,run-03,-0.5851532000278565,0.5001595527880048,0.04971390081143079,0.24129273407774096,0.056544457439718636,"[-0.34505691608632993, 0.08483040023787292, -0.47383683364659035, -1.4200867006711473, -0.7716159499730879]",0.2229661427468999,30,-0.5996640504466824
sub-03,run-04,0.5526652312533689,0.2776745514817763,0.760823547829135,0.7021517845817027,0.03009553292459092,"[0.48370835614280316, 0.8265394024582481, 0.7898231539315308, 0.05613302971560863, 0.6071222140186536]",0.8722519978934613,30,-0.746331147878863
sub-03,run-05,0.29872973017607285,0.5021193013705282,0.5102407614269717,0.5408585149234856,0.050385356711835916,"[0.8169482847759993, 0.4876349986163545, 0.41791543309184676, -0.6625054763253475, 0.4336554107215109]",0.7143113896802793,30,0.017422206833637356
sub-03,run-06,-0.188819888360075,0.6468544036660365,0.19631060774745934,0.3353897599638427,0.059057158466478354,"[-1.0343868033058592, 0.09556708661113145, 0.6232494313663004, 0.23587832049559, -0.8644074769675376]",0.4430695292473397,30,-0.18201472689268128
sub-03,run-07,-0.026953662217028374,0.37480992256817375,0.1512314210105431,0.33156119003082435,0.02330923424631501,"[0.6024670270206631, -0.4263017344692248, 0.04715499727338912, -0.39699829277341125, 0.03890969186344195]",0.388884842865524,30,-0.18416385394036575
sub-03,run-08,-0.48759104023188726,0.9832139887988098,0.523113094710395,0.46895238653176075,0.09886584857071304,"[0.14857747675361155, 0.3755761281802682, 0.3942220339347875, -1.4894171870931965, -1.8669136529349069]",0.723265576887491,30,-0.748745303597501
sub-03,run-09,-0.8362262849439208,1.644586285774864,0.6102095005184971,0.8543441048793516,0.23777869747264316,"[-4.016097565188629, 0.22865586121313364, -0.8549175581714827, 0.2069547905665553, 0.25427304686081875]",0.7811590750407352,30,-1.0397904541185656
sub-04,run-01,-0.3696899483318467,0.2676327610879606,0.00011257244744922179,0.00829679812400171,0.05346181083708325,"[-0.7334898785476685, -0.5840213042965368, -0.12112975097577894, -0.026358287105263223, -0.3834505207339862]",0.010610016373660266,20,-0.44597017023936997
sub-04,run-02,-0.5073904394550277,1.4344665340369493,0.41787310298609903,0.9705861412813318,0.1668583858423796,"[-3.3273288567248995, 0.15999179814192788, -0.24526707951300297, 0.5709474925627871, 0.30470444825804843]",0.6464310504501612,40,-0.2665620499912397
sub-04,run-03,0.28360596780581704,0.6480132723009253,0.6748687739130433,0.6168044882945231,0.03643494204291081,"[0.7188770390589275, 0.8025720424345018, -0.8784921879667456, 0.020968545936105865, 0.7541043995662956]",0.8215039707226274,40,-0.31425514863590986
sub-04,run-04,-0.031741546208227486,0.42522828535774554,0.1749349086935852,0.41664969503921406,0.037321048756314354,"[0.3943490291602244, 0.26797180452103353, 0.09526993124313354, -0.813772103441043, -0.10252639252448592]",0.41825220703970584,40,-0.1514095115706861
sub-04,run-05,-0.21708837012443394,1.3642135199311494,0.705536928223957,0.8318304416303063,0.09595707635959297,"[0.7930465601931289, 0.12988468847890355, 0.12266031168165625, -2.88341924848716, 0.7523858375113017]",0.8399624564371657,40,-2.0533364896313495
sub-04,run-06,-0.2992902097592363,0.8085528867786429,0.09610400987949563,0.3409520625413648,0.08037349555888,"[-0.04781173737574074, -1.8254408921542105, 0.10461132477805235, -0.27265558572729054, 0.544845841683008]",0.31000646748010874,40,-0.2643345013634545
sub-04,run-07,-0.5694765815704059,1.8113886943730924,0.42347298465656924,0.6869519228742031,0.07075271149885831,"[0.802227941877625, -4.134141439283691, 0.5006859095425071, -0.15238792880877106, 0.1362326088203003]",0.6507480193258902,40,-0.6673919096350016
sub-05,run-01,0.19927964720545266,0.25769296202014974,0.455980992174984,0.6695311642987711,0.07006589579232142,"[0.12843979603749978, 0.3022221977969215, 0.5984369172890438, -0.19536675191784014, 0.16266607682163847]",0.6752636464189259,60,-0.24508472042781096
sub-05,run-02,-0.03102565659299792,0.8005731640172551,0.3374392597400725,0.4989889686029545,0.11868619893583274,"[0.2211398895532356, 0.25738774648680507, 0.3644313267727717, -1.60885201665321, 0.6107647708754081]",0.5808952226865639,60,-0.2725422742669926
sub-05,run-03,0.32919502813557233,0.1713271170036627,0.4857036791868816,0.6164696873011098,0.05971035767563486,"[0.2647591358282799, 0.09008087503576911, 0.5681556249441019, 0.4760525679808224, 0.24692693688888845]",0.6969244429540993,60,-0.14796275345109663
sub-05,run-04,0.4204444126341652,0.20764266007049356,0.6734745684785486,0.6806738059929296,0.03366576052728063,"[0.2349200430460806, 0.1098782680545296, 0.5793665753011357, 0.5529090152833558, 0.6251481614857248]",0.8206549631108975,40,-0.4334795062985277
sub-05,run-05,0.43939156194309686,0.2020052497997559,0.5382791285663251,0.7942505156210884,0.04907406826356786,"[0.6331677284984236, 0.5538086599970468, 0.08857728747844085, 0.5819687137128486, 0.3394354200287244]",0.73367508378459,40,-0.23804356755841427
sub-05,run-06,0.06218898583454522,0.5489009636617869,0.42146631008244007,0.4647620584249982,0.05153573586628351,"[0.816639399813456, -0.7825415273083149, 0.026761098846590503, -0.20247792766572914, 0.45256388548672366]",0.6492043669619298,40,-0.2794516871161469
sub-05,run-07,0.25491330246461935,0.3232821097450811,0.71279577814273,0.6568470464624988,0.1035241411530656,"[0.25974540980461447, 0.7413786789787438, 0.040756602484466, 0.4338473210546805, -0.20116149999940802]",0.8442723364784195,40,-0.17866209012871176
sub-05,run-08,0.022840217371234095,0.596614325112692,0.5297960483571749,0.7965278909279897,0.0791668156208649,"[0.6944566297068522, -1.072884503727968, 0.2677857678069565, -0.048845302172831895, 0.27368849524316163]",0.7278709008863968,40,-0.6506286746319994
sub-05,run-09,-0.3059905083111062,0.9004100490170038,0.2638052459799409,0.6736159427496032,0.16410494076723017,"[0.16091230327639428, 0.1459180559540717, -2.0677610909957744, -0.17806328329205412, 0.40904147350183173]",0.5136197484325741,40,-0.48261667104321504
sub-06,run-01,0.27829075277317933,0.2921170404131298,0.6477250888604482,0.7538073132522392,0.0941998577488724,"[0.5854141817796111, 0.5422247425754273, -0.046780877196500814, 0.4070415833147115, -0.09644586660735266]",0.8048136982311176,38,-0.911070294260198
sub-06,run-02,-0.37545893638249506,1.3326048484173896,0.8496095150531416,0.9194003961204196,0.07595852819017164,"[-2.8270167020064734, -0.09383490180637999, -0.5513918743790707, 0.8576126636059687, 0.7373361326734797]",0.9217426512064751,38,-4.428003889566183
sub-06,run-03,0.5072963628122537,0.2950227916436611,0.6763521384358089,0.7412612766033477,0.0599414704110806,"[0.942336478051862, 0.7534854331028594, 0.21830384096443356, 0.4227168132298298, 0.19963924871228333]",0.8224063098224677,19,-0.2571111899292006
sub-06,run-04,-24.35843915094799,42.44236394764764,0.5471627045821161,0.49502230219656573,0.28265120307592084,"[-1.6330410779265443, -0.3188687038135818, -0.11277466254776836, -10.857024608150013, -108.87048670230205]",0.7397044711113462,17,-30.43034033310271
sub-06,run-05,-0.3874871895690423,0.9887090932464409,0.49764119267172147,0.8310640078653868,0.0686052542721792,"[0.2556945109161065, -0.02820012753431933, 0.655552497692228, -2.173449860525094, -0.6470329683941329]",0.7054368807141583,38,-1.3276997618952737
sub-06,run-06,0.5022513854959553,0.36741105211860875,0.7695504687851599,0.7306427158283701,0.02692952761051873,"[0.9676949992540581, -0.052902830913424514, 0.7772608158234965, 0.2403057372475107, 0.5788982060681357]",0.8772402571617196,38,-0.3830964500706761
sub-06,run-07,-0.004366624670619568,0.5410404445889339,0.4809832006127286,0.4130188538809243,0.09423600700683737,"[-0.1780217489307503, 0.5503904071961663, 0.4330800585355966, 0.1337811512758087, -0.9610629914299191]",0.69352952396616,38,-0.16186128967880165
sub-06,run-08,0.4701071309786286,0.38944614535796146,0.7836992326414468,0.7754439208212016,0.09284576545134963,"[0.45771726014955494, 0.7083494397373598, 0.6129357158265882, 0.8394207269353607, -0.26788748775572047]",0.8852678875015443,38,-1.3590467027026243
sub-07,run-01,-0.31594991849947296,0.6310801448112776,0.21042336393795313,0.5032724611390526,0.0504612603806929,"[-0.08727368442367722, -1.5655967973990772, 0.14148105443781833, 0.03426342700885221, -0.1026235921212808]",0.45871926484283715,30,-1.0025320567682343
sub-07,run-02,-0.1752255989973664,0.4407004164712804,0.19284112223530103,0.4995908197630278,0.054192051053653476,"[-0.26634770806537955, 0.4568612764067762, -0.4565348638832496, -0.7796067378377254, 0.16950003839274652]",0.4391367921676582,30,-0.6703343833786027
sub-07,run-03,0.38147959255119596,0.6480688721263768,0.7920592706432228,0.6943160608207162,0.026022198421158948,"[0.5719799437926777, 0.876187570622675, -0.8990907857237087, 0.709586505004888, 0.6487347290594478]",0.8899771180447409,30,-0.9658811484900218
sub-07,run-04,-0.08174137619473346,0.16215806880694,0.07651897443440103,0.18530259665618112,0.06424056035837855,"[0.04266349420145088, -0.04252530775719898, 0.12888726738129552, -0.27460742738237665, -0.263124907416838]",0.27662063269828807,45,-0.15552886926025322
sub-07,run-05,-0.06821554911119851,0.38318440379207247,0.10653357168847999,0.375285752287105,0.0768481733422624,"[0.10323290289809983, 0.3221761920748635, -0.8004328368608835, -0.012137305945026489, 0.04608330227695412]",0.3263948095305439,30,-0.05429092423327784
sub-07,run-06,-0.3164307018478937,0.6982070455760472,0.16203095550125912,0.6472728112000011,0.12632606594720125,"[0.24279983313227083, -1.6340682283876333, 0.11826267047440675, -0.42587111694729196, 0.1167233324887792]",0.40253068889372745,30,-0.29244916635655227
sub-07,run-07,0.32369085741697057,0.24543153296385664,0.38020835022588784,0.30076362178387644,0.021133207202517677,"[0.763152147497576, 0.41568412022419843, 0.09976525898522426, 0.20282393660479758, 0.13702882377305659]",0.6166103714874474,40,-0.10560983971691314
sub-07,run-08,0.08255671505102694,0.2167996822503164,0.2736180848336709,0.7242932609874521,0.05200091685626848,"[0.2927023389365513, -0.02677379453754858, -0.288986190810395, 0.26377509859301884, 0.1720661230735081]",0.5230851602116723,40,-0.0943787019281613
sub-07,run-09,-1.393452108765505,2.5179328332920927,0.40145551728979734,0.6712402111688552,0.13053829940690817,"[0.5053352309142507, -0.08240676640050215, 0.7084232097017658, -6.0305550482077335, -2.068057169835305]",0.6336051746078131,30,-0.7371875357494883
sub-07,run-10,0.012384239934304375,0.7405995482644874,0.6579322764154324,0.5033526029112144,0.08435329482127565,"[0.5536018979427331, 0.48174932367664236, 0.7022296207154126, -0.44565398708278314, -1.230005655580483]",0.8111302462708638,30,-1.0156976892318874
sub-08,run-01,-0.4203229461653083,0.9456469251864073,0.46107753021405895,0.6672872593778735,0.15186812060712035,"[-0.10414418267652792, -2.0483039953257762, 0.3771794972488338, -0.8533494218877415, 0.5270033718146703]",0.6790268994775238,30,-1.3895066992381713
sub-08,run-02,0.27614038141896285,0.5294161570637275,0.4295607688125671,0.6506342107144818,0.022417828725251523,"[-0.43444725114029303, -0.06478106181052556, 0.9677309308522336, 0.8004664272053159, 0.1117328619880833]",0.6554088562207313,30,-0.7796040668372223
sub-08,run-03,-0.11567297032625545,0.6353372001569613,0.5972355085424064,0.6806813545813526,0.22036486124160842,"[0.30502225992266174, 0.6293958362418896, -0.4234256231456264, -1.1862982238213147, 0.09694089917111248]",0.7728101374480062,30,-1.2840624319890228
sub-08,run-04,0.015984503182147523,0.18395247210861582,0.1401172093516604,0.2619391303553362,0.03528927563214077,"[0.18008077184225724, -0.28455023933093027, 0.22089203983362105, -0.07994580713250077, 0.043445750698290375]",0.3743223334930211,30,-0.1956103172884521
sub-08,run-05,-0.483492815706129,1.1733846710227436,0.6595730280356149,0.6052207492902145,0.06732175274994463,"[0.44768809317766256, 0.6864279887203399, -2.4340124368911695, 0.0863832024068909, -1.2039509259443686]",0.8121410148709487,30,-3.0499776197203947
sub-08,run-06,0.09097786228883657,0.7732300874255447,0.7292097961311418,0.614248632052172,0.05391468099915635,"[0.9161164465370012, 0.7018132564063442, -0.7144929527661452, -0.9618033544324802, 0.5132559156994628]",0.8539378174850566,30,-1.0355831906876198
sub-08,run-07,0.18412962477230083,0.1722232030840677,0.42837124633828927,0.5010102713500374,0.016249560023100528,"[0.032275050076080114, 0.316332574755961, -0.07218487727450129, 0.3667834338551009, 0.27744194244886344]",0.6545007611441637,30,-0.505085673110838
sub-08,run-08,-0.5249136640270938,1.1142005790538976,0.3309574437740703,0.4336931435783309,0.09293135000218121,"[0.6077756185778052, -2.577636917275598, -0.3911059271063315, 0.3061358241876436, -0.5697369185189889]",0.5752890089112344,30,-0.2220066781502616
sub-08,run-09,0.12993019940003298,0.24210273876148022,0.3970676604319079,0.476715331024939,0.04911197578498851,"[-0.018715072908642494, -0.26144188884426933, 0.2848040236811491, 0.42161674677994443, 0.22338718829198323]",0.6301330497854464,30,-0.48215799107195123
sub-08,run-10,0.1978321230625101,0.3371876199335143,0.4091243469034608,0.583443547625559,0.03345807720936367,"[0.45753947744561774, -0.08142537656110904, -0.06358373418297147, 0.7353262050510962, -0.058695956440083075]",0.6396282880732068,30,-0.2430650495715858
sub-08,run-11,-9.493297371796992,17.81491743172257,0.04950681690833736,0.18861309989672748,0.10384361314527724,"[-0.7092434121654749, -1.0721457280132949, -0.4631356612808841, -0.10442701714610769, -45.117535040379195]",0.2225012739476723,30,-7.69385300435152
sub-09,run-01,-0.288052639605868,0.6154677707132025,0.14613051184058568,0.31265044614544524,0.05912305838234807,"[0.16330992841493464, -0.02552920049857854, 0.17899381007783466, -1.472624515226308, -0.28441322079722275]",0.38227020789042115,40,-0.4780946166985197
sub-09,run-02,0.37552391681054187,0.38522129148095047,0.5630190502720451,0.5378175689460014,0.03884746423683512,"[0.6414314332285858, 0.4161880552285693, -0.2805150082551895, 0.25178973127456983, 0.848725372576174]",0.7503459537253765,40,-0.17739864556745624
sub-10,run-01,0.3827526789636072,0.2474389205177806,0.4254350604135114,0.45716038711303836,0.037432708834057096,"[0.5644795367300572, 0.4902041744039365, 0.5832797312148257, 0.3631141315146863, -0.08731417904546968]",0.652253831275456,40,-0.08049343857155841
sub-10,run-02,0.17185430582776812,0.40326938326163936,0.3078223531953752,0.5295299876644147,0.06506274125547121,"[-0.14778327613111597, -0.4633812674633351, 0.5376029788418184, 0.45827282514004875, 0.47456026875142443]",0.5548174052743615,40,-0.15371576258391978
sub-10,run-03,-0.01716692800927564,0.8066996056255813,0.7268969752320892,0.7910836314139867,0.0857924086675395,"[0.23429377804603801, -1.2685609979700176, -0.6116890030243474, 0.7807998881244973, 0.7793216947774516]",0.8525825327979041,40,-1.684893089061752
sub-10,run-04,0.2981259741551574,0.28333198991909014,0.38621561210364774,0.5712731222382679,0.051690520064960624,"[-0.19278227502229517, 0.21271157362129234, 0.5245208179188119, 0.61560161990495, 0.3305781343530281]",0.6214624784358648,40,-0.13524637643742476
sub-11,run-01,-0.5713107982389758,0.6167511676789184,0.12437598352017798,0.18225296677451336,0.026335956697357808,"[-0.12955549952559497, -0.6178276821796158, -1.5240757869913062, -0.8588598745235112, 0.2737648520251488]",0.35266979388682873,30,-0.7812063188734102
sub-11,run-02,-0.39925400123119914,0.4114684129636908,0.09938641642599577,0.15013203357443822,0.04051826952179526,"[0.043312864179960164, -0.3448496725065291, -0.6811365148916533, 0.015272865958124826, -1.0288695488958983]",0.31525611243240936,30,-0.7623018153872951
sub-11,run-03,-2.0173701180021504,4.294428172694583,0.7110707502843812,0.6953978633016126,0.19797121044184304,"[-0.621398463011172, -10.569711837754646, 0.35856342840450584, 0.21803530376107705, 0.5276609785894839]",0.8432501113456086,30,-0.7497998875711946
sub-11,run-04,-0.2337900629574047,0.2837967609159461,0.2876055042338236,0.351215142049353,0.06909910138857574,"[-0.3109626653953004, -0.28848235374899134, -0.3616933331995771, 0.3106161257748312, -0.5184280882179859]",0.5362886389192145,30,-0.5125185310350208
sub-11,run-05,-0.403550747632708,0.44956878535356637,0.05988370849628055,0.1547425074519332,0.05589546077390016,"[0.2974266279957567, -0.1147865340814489, -0.7162687616190411, -0.5087886675382476, -0.9753364029205591]",0.24471148010724897,30,-0.5517751105225114
sub-11,run-07,-0.701551431379394,1.7140525348557583,0.33721346434248445,0.5408893144478892,0.07114424657203189,"[0.12724167458673352, 0.6195119537115703, 0.5317212131919284, -3.9764718011669604, -0.8097601972202422]",0.5807008389373005,30,-0.8456176159477755
sub-12,run-01,0.3810549669054131,0.43966254794047466,0.6930713164967962,0.9362884497491409,0.09748108903785345,"[-0.3253889854252747, 0.7046097020888427, 0.7041570912774349, 0.0527706071776779, 0.7691264194083847]",0.8325090488978463,30,-0.05432082536055236
sub-12,run-02,-0.28626882497215866,0.7106213800642607,0.15417200217392235,0.28738980934107977,0.07400544330136385,"[0.2632915282415038, 0.1507892068193064, -1.6286225215325203, 0.1802943204060935, -0.39709665879517697]",0.3926474273109685,30,-0.2212608906118803
sub-12,run-03,-0.05172890339691742,0.24314037478570188,0.35836892113742425,0.5032971359360435,0.09324988142204664,"[-0.23169597807892628, -0.16887532732255406, -0.015711960908967093, -0.24835936142143877, 0.4059981107472991]",0.5986392245229377,30,-0.5029879742109834
sub-12,run-04,0.08289079876012957,0.29847345945310894,0.33673707772145123,0.511658074492659,0.029747358188382048,"[0.09499972643883492, 0.25468498451917776, 0.16173095018937922, -0.48151627131417163, 0.3845546039674276]",0.5802905114866614,30,-0.5028995250035383
sub-12,run-05,-1.0268427948930718,1.3166146628242457,0.19612510874956224,0.2899771695765932,0.04728450224373831,"[-1.1525105784906011, -3.397816016350675, -0.9804457687072514, 0.08412145042385133, 0.31243693865931743]",0.4428601458130569,30,-1.4759223422693737
sub-12,run-06,-1.8256265553684954,3.7857794633226995,0.17810055058686758,0.1947130956200709,0.06837269761378847,"[-0.18319945085718148, 0.09304269917245034, 0.29537490811906597, 0.05772963781935814, -9.39108057109617]",0.4220196092444844,30,-0.7105482456657723
sub-12,run-07,0.015695388586168833,0.21264282037382481,0.13557359371380584,0.2734577567576859,0.03577671380930905,"[0.12459392189534202, -0.1031332424771021, 0.14728139848437294, 0.251001483819159, -0.3412666187909277]",0.3682031962297528,30,-0.09194362055431415
sub-12,run-08,-0.2942675858330344,1.0249967565980063,0.32081073246957126,0.5003646444735604,0.062335650378651256,"[0.4098790579585959, -0.3416466442379551, 0.3102582456271503, -2.2654631485416443, 0.41563456002868104]",0.5664015646778982,30,-0.8394289868399275
sub-12,run-09,-0.46766301909962793,1.5275739906182,0.20737955853319767,0.38844204730811954,0.08220525478304778,"[0.3110326018806212, -0.07760278037060586, -3.488265890593901, 0.27092757552667623, 0.6455933980590702]",0.45538945808307574,30,-0.1994302084394723
sub-12,run-10,0.28952617106255196,0.439616594359223,0.5993617236596582,0.6957446768280023,0.04523815775571892,"[0.6608849026925367, 0.18189163885263204, 0.15702809392502548, 0.8526639994110435, -0.4048377795684781]",0.7741845540048307,30,-0.4783902694073351
sub-12,run-11,0.42422059894377784,0.50984882002043,0.6747505530511557,0.767728208267396,0.01500994669864259,"[0.7623006326614639, 0.6354617642144209, 0.7280929843547064, 0.5826452099561674, -0.5873975964678697]",0.8214320136512551,30,-0.8044478858479687
sub-12,run-12,-1.8442414333682589,3.5135285160359055,0.2669149865266258,0.5398179492733011,0.1100562756380276,"[0.04870419393916714, -0.2397692965832725, -0.2444763563630019, -8.865916489393284, 0.08025078155909682]",0.5166381582177468,30,-0.9635789482595613
sub-12,run-13,0.1537622056308186,0.2493613176335253,0.3331059955360486,0.5234757564933984,0.04584591580518139,"[-0.062425711636669545, 0.00746085131647245, 0.1624062350519926, 0.030613097895794583, 0.630756555526503]",0.5771533553017331,30,-0.11618378058159709
sub-12,run-14,-0.17399572307703684,1.0821469750581216,0.5262589013815808,0.6481359164393371,0.10435188105778417,"[0.3567379943055483, 0.777604776262178, -2.2640207216209403, -0.11008787751228022, 0.36978721318031005]",0.7254370416387498,30,-0.8715760297365293
sub-12,run-15,-0.3350694696982476,1.1327733580231343,0.30485372092256413,0.6033198482311667,0.06660599355169665,"[-2.5671055077172804, 0.03494215263444045, 0.41205311638373354, -0.019784535265589875, 0.46454742547345873]",0.5521356001224377,30,-0.2471114126361001
sub-12,run-16,-0.7113101855745129,1.124018006394978,0.19420692142098583,0.40384797466276456,0.0954680428853889,"[-2.9362423880036057, 0.006952834371332428, -0.05945892689235732, -0.4579564123379216, -0.10984603501001211]",0.4406891437521302,30,-0.9827625206320366
sub-12,run-17,-0.45994004323309134,1.0325985417249297,0.4412815405796934,0.6571187034241222,0.09129066870263836,"[0.6272425350076569, 0.7062442333506571, -0.6612701268688497, -2.0531381881404855, -0.9187786695144355]",0.6642902532626033,30,-1.1203415179372065
sub-13,run-01,-0.12325293991052069,0.24722509164395862,0.07518981159281946,0.1974034403665131,0.06319697200744614,"[0.24162664651154997, 0.002951243978388196, -0.24382969882700278, -0.11698602432564176, -0.5000268668898971]",0.27420760673770445,40,-0.08344978774186758
sub-13,run-02,-0.2076452948632534,0.3055251702870695,0.3358135224508473,0.4848627673563633,0.1449438512318184,"[-0.4508323263071323, -0.6176533696593869, 0.2642743702123058, -0.13010397959860365, -0.10391116896344998]",0.5794941953556112,40,-0.25387849947206464
sub-13,run-03,-0.36908136139966957,0.24728187127715995,0.008351243675882247,0.08851800653264678,0.06920717399271102,"[-0.10760798526554316, -0.7639928431143217, -0.11825500423058433, -0.35157065716852975, -0.5039803172193689]",0.09138513925076662,40,-0.4588763377987963
sub-14,run-01,0.026543364885219932,0.6333260297031548,0.4454020089020648,0.6264873601711105,0.10123221662097515,"[0.5223127744282106, 0.3156665749212074, -0.09129460104294829, 0.5414743516454021, -1.1554422755257723]",0.6673844535963246,40,-0.42703519954497315
sub-14,run-02,-0.1662183824067996,0.38930637181822497,0.2597979729243999,0.4380574953070882,0.07816066608050919,"[-0.2049881661659072, -0.374594189425727, 0.22952876405403877, -0.762638240296164, 0.2815999197997616]",0.5097038090150006,40,-0.239430826567593
sub-14,run-03,0.18366954839385635,0.32802383603218954,0.4698089705635603,0.6959022158400202,0.06384549699192232,"[0.29874610554404357, 0.544075541874216, -0.3270553678255139, 0.4595562328244984, -0.0569747704479624]",0.6854261233448581,40,-0.4348154251247399
sub-14,run-04,0.4151290399595034,0.2835818139536358,0.544973302129862,0.6801180277357478,0.029218168934498273,"[0.8919330758127325, 0.3221054433031687, 0.130461234943967, 0.16538489663328937, 0.5657605491043591]",0.7382230707109212,40,-0.2630036236964593
sub-14,run-05,0.2553305047456719,0.39881058923831736,0.5736359445486434,0.6129522385273664,0.061277888582979154,"[0.00650129383064324, 0.3881605432958617, 0.790378273285043, 0.45909342972509193, -0.36748101640828]",0.757387578818562,40,-0.0148383112063331
sub-14,run-06,0.07717413828612138,0.580333021345921,0.3338956122466472,0.506085429597411,0.08985152632758132,"[0.5959861517066982, 0.4985169532254462, -0.6966875018421024, 0.5528422965989592, -0.5647872082583942]",0.5778370118352121,40,-0.054178671131347535
sub-14,run-07,0.0750474383098398,0.5726345480488652,0.24738411054769593,0.5390695922228734,0.056506996712279614,"[0.004988237168781939, 0.7010172850560403, 0.3494406734643535, 0.3013045611240165, -0.9815135652639935]",0.49737723163379344,40,-0.1897828961180017
sub-14,run-08,0.16035964558083188,0.36925914127859755,0.45351468100801906,0.5229830659426982,0.026300294177257284,"[-0.24093961632244265, -0.16674525982220367, 0.7935976248771082, 0.27199041812606883, 0.14389506104562877]",0.6734349864745809,40,-0.0997397336447218
sub-15,run-01,-0.32208717587129515,0.8766697473751697,0.1773867686617634,0.24817721307680068,0.04188567310438149,"[0.11250398494054825, -0.11117882072015717, 0.08129805148188574, -2.0499825325808056, 0.35692343752205313]",0.4211730863454637,30,-0.44780351444054867
sub-15,run-02,-0.8154683908955054,1.7613267690040142,0.23425788986727358,0.3839123371607404,0.08761399628271853,"[0.06645848817236855, -0.9807792376597959, 0.48807803176969256, 0.5160818419159264, -4.167181078675719]",0.4840019523382869,30,-1.4115773725493679
sub-15,run-03,-0.7025300021652666,1.7098502702852572,0.15534547216992123,0.26294487269416184,0.10999603608223973,"[0.1873047541953019, -4.0805899110922335, 0.581704829777824, -0.24334527983467824, 0.04227559612745291]",0.3941388995898793,30,-0.5541556585308631
sub-15,run-04,-0.09248495640701437,0.6086446527931515,0.5423502388645374,0.47509602493202135,0.06364155201852512,"[0.15604758920885764, -1.266062032947553, 0.2840578885520083, -0.06417965842686746, 0.42771143157848246]",0.7364443216323535,30,-0.7503535344033435
sub-15,run-05,-0.27263062799649,0.9202233708090892,0.44926421015012863,0.4926366321952479,0.07617178150362763,"[-1.85692015025282, 0.7690045929723213, 0.09732125036538164, -0.6798888680622037, 0.3073300349948709]",0.6702717435116364,30,-0.6580122897975322
sub-15,run-06,-0.026857720598285572,0.6965114617503055,0.4870493713253521,0.5036930002002743,0.054693248740591144,"[-1.274884904776974, 0.6297289264806435, -0.12125158194132246, 0.6265981976852097, 0.005520759561015276]",0.6978892256836695,30,-0.32709766539515567
sub-15,run-07,-0.23406334601622159,0.5205402875690619,0.1734641526777938,0.21387230717881955,0.051880907538126714,"[0.23659343710944747, -0.24817105353992752, -1.2264898713830776, 0.08184094549290621, -0.014090187760456674]",0.41649027921164483,30,-0.39836619726661676
sub-15,run-08,0.381028646331372,0.15542410871751247,0.4560497947223323,0.48742377475973286,0.04892847027003015,"[0.6028419267758399, 0.248424505672306, 0.1676809369991561, 0.46279362923700895, 0.4234022329725494]",0.6753145894487491,30,-0.06033767497687596
sub-15,run-09,-1.2499055924647806,2.263058996446583,0.4248215100499152,0.421060448508067,0.07715347034768869,"[0.8013790981978881, -0.4300952011320913, 0.5619819120269036, -5.391288947124964, -1.7915048242916396]",0.6517833306014471,30,-1.7349424962655302
sub-15,run-10,0.07583215956099225,0.38307335267620785,0.37623230716174005,0.40120589375226656,0.05295400665696094,"[0.11352584433024737, -0.5229420341388207, 0.09231624946246941, 0.012563487730637646, 0.6836972504204275]",0.6133777850246454,30,-0.2111066422427034
sub-15,run-11,-0.14881206403756436,0.506115181691737,0.17340425180546126,0.23514331670982166,0.04894015841478973,"[0.31784025325892384, 0.07179850348707306, -0.5630720304220422, 0.34929378109312503, -0.9199208276049016]",0.4164183615133479,30,-0.09812856941991994
sub-15,run-12,-0.07669407635303105,0.6881165638174759,0.2410842937247184,0.3374224009182209,0.04148753263907045,"[0.3016368479575946, 0.260261331533302, -0.011838927807707345, -1.4160625141105236, 0.48253288066217914]",0.49100335408703527,30,-0.4473249482718156
sub-15,run-13,-0.6063827157983204,0.9808709364263642,0.2202584222595687,0.32120190358795203,0.07694177554016228,"[0.2261536740220348, 0.41306393032301214, -2.3269193375007955, -0.9058422256599055, -0.43836962017594816]",0.4693169741864963,30,-0.5532501583214089
sub-15,run-14,-0.1287527706686608,0.3665124986016494,0.16723708521284553,0.3720118134384634,0.0531559633488024,"[-0.2585911308089517, 0.170638358399253, 0.30184679374324774, -0.7447851160637942, -0.1128727586130589]",0.40894631091727096,37,-0.3490372847989409
sub-15,run-15,0.06584169015905048,0.3275128932178752,0.41112579001132077,0.48258904297819233,0.04664983363350075,"[0.28682559286125353, -0.022914323892155863, 0.410058156356391, -0.5242521780851903, 0.17949120355495407]",0.641190915415464,30,-0.5643206111378328
sub-15,run-16,-0.633847800232448,0.6779284670053611,0.04823347171492798,0.19649454054663815,0.06311948866038694,"[-0.6558085658431994, -1.9130066088616045, -0.1550969532037576, -0.43929441742510256, -0.006032455828576033]",0.21962120051335657,33,-0.7834591515623444
sub-16,run-01,0.11061608782483515,0.4276657294585335,0.25297229368857765,0.5272591393769865,0.06185532302277782,"[-0.11951483987029832, 0.6000546734938961, 0.08309539376532471, -0.5504193576708152, 0.5398645694060684]",0.5029635112894149,34,-0.8101264249804323
sub-16,run-02,-0.8154649448553023,0.6319487460247675,0.05878162209803495,0.12667817128743206,0.07067144936366052,"[-0.20081118575165813, -1.0875891329422056, -1.235268178253767, -1.6031830333171393, 0.04952680598825787]",0.24244921550303025,34,-0.7789962325772479
sub-16,run-03,-0.022744881815551943,0.407940029151342,0.15638083586387064,0.21482263385434552,0.03588715611741276,"[0.06284364715809976, 0.15614869224502415, -0.0913706899508393, -0.7406962885545252, 0.49935023002448087]",0.39545016862288807,36,-0.2111481201226261
sub-16,run-04,0.1510645540485169,0.3657414450001282,0.40935456171021933,0.4769042640030999,0.06297638201117785,"[-0.3438875901128382, 0.15710403188415978, -0.1624406894290853, 0.5946830242559877, 0.5098639936443605]",0.6398082226028505,36,-0.189204326194277
sub-16,run-05,-0.3528422442965268,0.8101237355409838,0.16880205059674291,0.3084505231648065,0.14154061757666617,"[-1.9625675543213692, 0.20555102631293132, 0.06383401596801908, -0.0771714739509628, 0.006142764508747733]",0.410855267213094,34,-0.0368441224720766
sub-16,run-06,0.08589171113186145,0.6567571467512805,0.5331553817930452,0.6973306707938405,0.13616044460732954,"[0.5527937146286798, -1.0452254128723188, 0.7565651415117417, -0.24091325784097117, 0.4062383702321758]",0.7301748980847295,35,-0.2441469341212798
sub-16,run-07,0.11936622091460287,0.21903676292347632,0.372797034639479,0.4165582514448635,0.06612986816166887,"[0.43942913194478295, 0.18440411880277074, 0.02598693415142017, -0.22891107597525862, 0.1759219956492991]",0.6105710725537846,36,-0.05821814117840409
sub-16,run-08,-0.053966649030371475,0.4499689601885525,0.2623006542817732,0.3034450297441286,0.047680569270639926,"[0.5037935333560324, -0.26940078704383996, 0.4726423347956047, -0.4860918003519574, -0.49077652590769705]",0.5121529598486892,34,-0.28368012901242884
sub-17,run-01,0.533624880378802,0.22203250242295486,0.643455583888959,0.6369079301632328,0.021221676483712964,"[0.7988992677676982, 0.16333040046739833, 0.6796467711162186, 0.6048864242985139, 0.42136153824418054]",0.8021568324766418,40,-0.2926282638185814
sub-17,run-02,-0.6821618917220769,1.5118822729020673,0.30649526352164125,0.3409833327091717,0.1209264416394572,"[0.13122383064307197, 0.23300378298434643, 0.14512836575413846, -3.6891349215615, -0.23103051643044115]",0.5536201437101447,40,-0.1713550693417288
sub-17,run-03,0.05562717570016806,0.3633046272018089,0.24018700428929873,0.3561823659506941,0.06638710702037075,"[-0.6049499336384243, 0.33572984056810207, 0.24475529639183868, 0.36467264909556973, -0.06207197391624586]",0.49008877184577315,40,-0.21288144574495407
sub-17,run-04,0.3905684867164559,0.22315870211697164,0.41766534803181377,0.48827415792661616,0.01127020977708274,"[0.17407566890026993, 0.1696138651401915, 0.2922170553373762, 0.6653862917229076, 0.6515495524815339]",0.6462703366485374,40,-0.06367417160403707
sub-17,run-05,-0.739350712522169,2.4998384295871428,0.4321562616180661,0.5714580043573784,0.06257926815099746,"[0.6884197921675543, 0.6831025559916286, 0.09833049193610699, -5.7203422186910755, 0.5537358159849404]",0.6573859304990229,40,-0.2883339883242713
sub-17,run-06,0.16760445151224776,0.3794790335978091,0.285989736311978,0.4939992033389573,0.0536557697812125,"[-0.24993546249833787, 0.7128650932645713, -0.10444750983999107, -0.04653825787312105, 0.5260783945081176]",0.5347800821945204,40,-0.15312822675555604
sub-17,run-07,-0.17854343387773525,0.7508719308289113,0.21898807873800696,0.537793669760289,0.10289089945481565,"[-1.5995992467920277, 0.5260541908195978, -0.21905811675832165, 0.1132237907967516, 0.28666221254532376]",0.46796162100967975,40,-0.16887795667652364
sub-17,run-08,-0.3120038099856615,0.7296294081085183,0.28077133666229137,0.7252886615801188,0.19431092538421454,"[-0.19759126714827357, 0.21950454484128057, 0.3503127028275431, -0.23407119173575186, -1.6981738387131058]",0.5298786055902722,40,-0.5410624462727505
sub-17,run-09,-0.8200073293519015,1.4514131033332829,0.14010747386275724,0.41133921129258544,0.09179012718398336,"[-0.11734532014845844, 0.2111374137742409, 0.10018194263641178, -0.6292091006811942, -3.664801582340507]",0.3743093291153148,40,-1.2320954579773367
sub-17,run-10,0.35538081953392353,0.16068814267181705,0.50192641152102,0.4260215695837554,0.005298718954024582,"[0.3938157309336334, 0.34339177373880636, 0.405630958937349, 0.5640309964169815, 0.07003463764284734]",0.7084676502995886,40,-0.8055241175714496
sub-18,run-01,0.15948351049550472,0.47952929323314153,0.4962011281416585,0.4845745190950422,0.07061967134496011,"[0.6748565245531282, -0.5775470833577392, 0.40974409048216776, 0.5179278029608461, -0.22756378216087914]",0.7044154513791266,30,-0.1506421706860626
sub-18,run-02,-0.4103447210152308,0.9397793153932091,0.13843658986071772,0.27942557587816796,0.11036019407236142,"[-2.2594502317559813, 0.1866895263319892, -0.17204445600157703, -0.09004953636992163, 0.2831310927193368]",0.372070678582333,29,-0.3903507467178325
sub-18,run-03,-0.23439689850676215,0.7738052989340706,0.5827106332098042,0.5199700207842866,0.1462265536329506,"[0.5078371573646796, 0.0966011253515916, -1.6493550597653082, 0.30586238092827356, -0.43293009641304736]",0.7633548540553106,30,-0.4336896109762426
sub-18,run-04,-0.1316712914343245,0.4448854396057886,0.2347112549244087,0.3866688120807088,0.030913776866043397,"[-0.13680825709960498, -0.9105489913026894, 0.2144144688661208, 0.376492223763386, -0.2019059013988349]",0.4844700763973032,30,-0.5467932352674454
sub-18,run-05,-0.07728780351606365,0.7023599484468022,0.2853138867451487,0.3176083279690487,0.053237649003890185,"[0.1732392522728432, 0.4874854210407439, 0.6812365571369435, -1.232299077451175, -0.49610117057967384]",0.5341478135733108,30,-0.06379337023563827
sub-18,run-06,0.2155097727072323,0.3060701777760527,0.3975698655400982,0.5155795390241111,0.057528378173764244,"[-0.0631548104844395, 0.20737848353660737, 0.5459041206216968, -0.18083176051844263, 0.5682528303807393]",0.6305314151888849,30,-0.6731982180258569
sub-18,run-07,0.26619387064252303,0.21287617581933602,0.34690918943798754,0.3700667711672474,0.021153542364090797,"[0.25613356695994494, 0.07492990004753408, 0.3107913371294605, 0.04822331188572815, 0.6408912371899474]",0.5889899739706842,30,-0.45032466788956144
sub-18,run-08,0.3066391529848614,0.43808551240857474,0.6617227524866035,0.748328849588526,0.027155323537702603,"[0.11837537868077663, 0.859218323507098, 0.7740698486076716, 0.05571360877988585, -0.27418139465112534]",0.8134634303314462,30,-0.8249858742093933
sub-18,run-09,-0.21329228878659984,0.6022534794708783,0.22730391685425388,0.3724811697505955,0.06381490126798109,"[-0.8600072933579692, -0.1741376720560186, 0.3075931947141335, 0.5779405203959783, -0.917850193629123]",0.47676400540965125,30,-0.8031462813919283
sub-18,run-10,0.13587066945839718,0.35227513971326363,0.5108797087148405,0.696876438844084,0.06866870293903449,"[0.6233012544056487, 0.06025918992638035, -0.46044665375808713, 0.18032305688691175, 0.2759164998311323]",0.7147584967769467,29,-0.3773198720586195
sub-19,run-01,0.07522311868138323,0.49367323946386,0.3976910698869892,0.6157027305777031,0.06701663868973591,"[0.39597408807406187, 0.5022171132529754, -0.8734180948244912, 0.25710059180190814, 0.09424189510246195]",0.6306275207180456,40,-0.5551479152807227
sub-19,run-02,0.07120705469319825,0.5164573778564043,0.32671517783674486,0.4285322248621,0.060844257905314954,"[0.5654745392707048, 0.3435185661556679, -0.3212531476010261, -0.7448117064570139, 0.5131070220976586]",0.5715900435073595,38,-0.30005525683389944
sub-19,run-03,-0.0009758431391170719,0.34790536351084766,0.2774064172002785,0.515150361821865,0.04923485726512202,"[0.38956577400717873, 0.1514432025252357, 0.25671355723363465, -0.5470957660873723, -0.2555059833742621]",0.5266938552900334,40,-0.3187442907694663
sub-19,run-04,-1.4876514234347609,2.8515396570055405,0.2722895893573136,0.5251527579837487,0.07668973300834052,"[-0.08731561606587324, 0.2853353355564904, -0.4237222274747543, -7.172989591404628, -0.03956501778503885]",0.5218137496821197,39,-2.4140296452220418
sub-19,run-05,-0.8855302383472281,1.4230201061488177,0.04112508043167917,0.15432395658038034,0.09111698547367451,"[-0.32137358411958394, -3.704431594600326, -0.4478245406542052, -0.07201567368019801, 0.11799420131817195]",0.20279319621643946,40,-1.0175146785461135
sub-19,run-06,-0.06696527840407547,0.37557500812097794,0.1669632351722814,0.3485258826070325,0.05582813150361842,"[0.21699528741797058, -0.5132500369730726, 0.3540485700937316, 0.1313836648920096, -0.5240038774510165]",0.40861134978397445,40,-0.28264162984220526
sub-20,run-01,-0.414808388250699,0.517708528518416,0.03438092461072206,0.1658425333813313,0.062690061964222,"[-0.3066222221509829, -0.43656119169540286, -1.3758355356141942, -0.08216055087424401, 0.12713755908132884]",0.18542093897594944,30,-0.3496649203322564
sub-20,run-02,-0.05667498043205943,0.6117701692703417,0.27340196059451927,0.4565985825381794,0.024591338544611225,"[0.12436956604853744, -0.0056719226341142015, 0.36883894847985066, 0.46268326624420275, -1.2335947602987738]",0.5228785333081857,30,-0.2208224741290691
sub-20,run-03,-0.21584526291625378,1.2566559659165404,0.522520951217216,0.8135237841237741,0.13358080650525117,"[0.7848010449593688, -2.68463598545759, 0.15425357198027634, 0.5062024138774042, 0.16015264005927154]",0.7228561068547571,30,-0.4228731576655166
sub-20,run-04,0.23335804300578555,0.38936817402345286,0.5177290749804833,0.4949200765186383,0.033919310532932304,"[0.8320638167136133, 0.44475027706303427, 0.23192478618999723, -0.28915047363523105, -0.0527981913024862]",0.7195339289988232,30,-0.28845779975798036
sub-20,run-05,0.08458383573811709,0.3878435040090179,0.40997977754426473,0.6165520729199957,0.012874798335492791,"[0.09280516416265838, -0.5723525826515605, 0.1681802153743116, 0.6444624445544411, 0.0898239372507349]",0.6402966324636297,30,-0.4630692269594111
sub-20,run-06,-0.3040434180787016,0.5321099181655469,0.35210077588682354,0.675036717312931,0.2639652030186502,"[0.38608407843835313, -1.1548695643031954, -0.3326197652034246, -0.5230893689189557, 0.10427752959371461]",0.5933808017511383,30,-0.48672859818587105
sub-20,run-07,-0.01908498012092492,0.31207328378412175,0.21497773365003647,0.40111990871648917,0.03198937478848,"[0.07727935804361796, -0.6082700399381953, 0.017260987867395716, 0.09730892993347406, 0.32099586348908293]",0.4636569137304396,30,-0.29754632947513454
sub-20,run-08,0.062347062369233666,0.3304750807813502,0.35897496061796874,0.6915148629850092,0.11164606477683267,"[0.5774952199683904, -0.21354439682938686, 0.07279665633304133, -0.3568607706394502, 0.23184860301357368]",0.5991451916004739,30,-0.24651200810701707
sub-20,run-09,-0.3722813556323897,1.0311076882500951,0.3058202590393564,0.5658890969047591,0.07278353439539358,"[-2.360299425308778, 0.47020528076029533, -0.3485067463016145, 0.2985546115435088, 0.07863950114463947]",0.5530101798695539,30,-0.22963080057691876
sub-21,run-01,-2.1514399925519347,2.3128220726400825,0.02908295362129154,0.35720134693833466,0.1442653505804879,"[-2.0640251897338073, -0.014872772268881729, -0.13842565907787496, -2.1316125297913886, -6.408263811887721]",0.17053724995229405,30,-5.13299652642969
sub-21,run-02,-0.35163556652268535,0.4128699697435926,0.07333935688159154,0.2016680729130657,0.045463062812756194,"[-0.9346221112548636, -0.10498535064389913, -0.7642764543822358, 0.0433771902632365, 0.002328893404335286]",0.27081240163920056,40,-0.6287319843436618
sub-21,run-03,-0.3647677306583453,0.7794440207364208,0.2523646351647405,0.4426542321845952,0.0802698833637462,"[0.59890188178226, 0.11204618145473377, -1.7334281399882383, -0.45473334720890746, -0.34662522933157436]",0.5023590699536938,30,-0.5892035057809688
sub-21,run-04,-0.6379674177808711,0.7232376467871834,0.00824662810523591,0.08728434833855543,0.12988409604381554,"[-2.069045121694092, -0.3730098003663693, -0.22766328362372446, -0.11309145942627397, -0.4070274237938958]",0.09081094705615454,40,-0.5142783673095777
sub-21,run-05,0.035479951935060615,0.28167266119935774,0.15698907730813982,0.39504948512218385,0.06093540649139202,"[-0.294258911082832, -0.25136550827453963, 0.018389044133858, 0.4004068394825059, 0.3042282954163108]",0.3962184716897233,40,-0.11630972825793404
sub-21,run-06,-0.14412535029648343,0.35657692080528774,0.2464706759854407,0.40083770246307165,0.031706003956716626,"[0.09312809855671111, 0.28740141257821594, -0.6290080887381766, -0.5017906142819848, 0.02964244040281716]",0.4964581311504935,30,-0.7591994296812142
sub-21,run-07,-0.1895292244058555,0.9818573989640698,0.4114058510658848,0.4601627648962112,0.04655434639142361,"[0.5802382415521845, -2.0820870958703885, 0.1756715873290967, -0.14656167613556237, 0.525092821095392]",0.6414092695509511,30,-0.22515601949706462
sub-21,run-08,-1.128411171647875,2.135000562193619,0.10340257146342946,0.2743912142724872,0.10777654321183375,"[-0.1471993286656197, 0.13612734705712948, 0.11963484647890443, -0.3684809647978373, -5.382137758311952]",0.3215627022268427,20,-0.5918973626713245
sub-21,run-09,-0.01797789136808381,0.8173740614319367,0.3842543034961108,0.4369450909691677,0.08716897868371465,"[0.6103836235928841, 0.07027793801189819, -1.6086263093885358, 0.5324989780380273, 0.3055763129053072]",0.6198824916837954,40,-0.1001272131247104
sub-21,run-10,-0.23754690610688378,0.8350571341245538,0.15087862755974846,0.2667912065319023,0.10777045033439486,"[0.3957636378625543, -1.8774082060914083, -0.054636596211735, 0.28319251696736325, 0.06535411693880677]",0.3884309817197237,40,-0.47238975190411514
sub-21,run-11,-1.0489395502641996,2.8317467249604418,0.5000614792044344,0.5735235754617813,0.028948424270016048,"[0.23849513957920565, -6.7009464444985944, 0.6306777986677445, 0.4747447092569207, 0.1123310456737252]",0.7071502522126643,40,-2.408957400732323
sub-21,run-12,-0.7772436829070049,0.8359812939049351,0.32063071661710263,0.579965058957461,0.20154931635250461,"[-1.6945665408283466, -1.8471040750893555, -0.02339551288158903, -0.460072687958776, 0.13892040222304358]",0.5662426305190228,40,-0.3842728159997178
sub-21,run-13,0.18511588903776582,0.3013179230969757,0.2955647971145877,0.4208911421868299,0.08837745838187044,"[0.22229596518208472, 0.46770889090183865, -0.063784990851798, -0.2429130072618888, 0.5422725872185925]",0.5436587138219969,40,-0.031247644661852435
sub-21,run-15,0.320286861729118,0.3181190217805725,0.5672857811853056,0.7190646975400175,0.0636227898178284,"[0.7968138233198827, 0.24448671664770527, 0.17947059362442053, -0.1410058424648375, 0.5216690175184192]",0.75318376322469,30,-0.3347165909838473
sub-21,run-16,-0.4049735622614664,0.4799608194646469,0.07868895827524969,0.44544901680820886,0.13727512126432928,"[-0.08717515982687507, -0.13593496119283843, -1.3588108436371575, -0.24681298063715995, -0.19613386601330118]",0.2805155223427918,30,-1.0015788800435297
sub-21,run-17,-0.1597041390736101,0.10804813436285046,0.0006467195776944656,0.01596724442423591,0.06977615071078638,"[-0.36586177553116017, -0.11127939660993658, -0.05882247333121038, -0.16071428877535232, -0.10184276112039115]",0.025430681817331952,30,-0.13884739897052673
sub-22,run-01,-0.4159015577243781,0.8933051320326546,0.27268051670698445,0.3194651906492549,0.11291144992889396,"[0.2685730916159559, 0.10272799324189852, -0.8818389185964881, 0.3910325764504744, -1.960002531333731]",0.5221882004670202,30,-0.6752253999341565
sub-22,run-02,-0.24569558738322939,0.15739044742035385,0.011770623248197998,0.07759186442234703,0.017943611375217123,"[-0.3655328181075286, -0.1745858987372182, -0.1989717086029592, -0.01857864475386717, -0.4708088667145738]",0.10849250318892115,30,-0.28716602860395196
sub-22,run-03,-0.3289301394424434,1.243911424642904,0.21436967465263856,0.34140469370912874,0.10259146362199775,"[-0.07625132601968643, -2.7864090561946564, 0.31934175344503757, 0.48001352487387317, 0.41865440668321474]",0.4630007285659907,30,-0.4183914997739208
sub-22,run-04,-0.04338654239698854,0.41868457253009356,0.3716489590309615,0.4822619373916995,0.057577940820691814,"[-0.008630113531191475, -0.6981569870104558, 0.4378339755915469, -0.29441646800274945, 0.34643688096790715]",0.609630182185037,30,-0.44746448496522645
sub-22,run-05,-1.0435299659560369,1.101012108201071,0.08431949091674273,0.1995953078168884,0.08669365594240597,"[-2.364963564500947, 0.15965230370432715, 0.09074438386940054, -2.281121592803558, -0.8219613600494069]",0.2903781860208216,30,-1.4307048550000157
sub-22,run-06,-1.0708203452354348,2.6817730458622604,0.23320820944623477,0.4664491554080305,0.054037050543716096,"[0.4250334650443086, -6.425253492767278, -0.00290194198560223, 0.4184687673701951, 0.23055147616120286]",0.48291635864426347,30,-2.5369612704807025
sub-22,run-07,-0.3770221154937855,0.4048781162694545,0.09057930557717209,0.21272693115404842,0.0835903137591746,"[0.042147877693146096, -0.015961546691530604, -0.7473498862363539, -0.19960561189023407, -0.9643414103439549]",0.3009639605952383,30,-0.30162835020515205
sub-22,run-08,0.013015445138305748,0.4074256411456966,0.3791851165500022,0.3879437851043642,0.06937802026369003,"[-0.3631952683383144, 0.17000361472551628, 0.02264092990456501, 0.684268017600299, -0.44864006820053715]",0.6157800878154492,30,-0.48936905103666123
sub-22,run-09,-1.4050305015453808,2.33275537703781,0.12267949552914081,0.36426413436235044,0.10204294393727,"[-0.6141400833166244, -0.19360684562911556, -6.053471407857614, -0.1397894526735921, -0.024144718249957453]",0.35025632832133213,30,-1.8000716796317398
sub-22,run-10,-0.328211621123119,0.5708752284229989,0.0933970590118155,0.2195830125671087,0.07885032305615726,"[-0.7171597330972623, -1.252551968426896, 0.2899498180293343, 0.01292659657856543, 0.025777181300663643]",0.30560932415719144,30,-0.24926527531175266
sub-22,run-11,-0.4271577166402546,0.8091094486599185,0.14302446598817553,0.26870314587589367,0.07806882610354718,"[-0.9659011666533974, 0.2580850757994493, -0.16637264828708664, -1.717662186193131, 0.4560623421328931]",0.3781857559297754,30,-0.7084976863586349
sub-23,run-01,-0.503494603347556,0.5137921867927955,0.19186817958163938,0.23509105195218755,0.09836615939663015,"[0.10005340543362917, -1.0722364487595017, -0.6375322472523794, 0.09806544437892184, -1.00582317053845]",0.4380276013924687,30,-0.3078777661504737
sub-23,run-02,0.07827557127808864,0.21479303933139973,0.25675169515064544,0.3695933811831775,0.058579984546606914,"[0.3114296697360973, -0.29841624154177815, 0.2594776935405648, 0.0804097729465234, 0.038476961709035806]",0.5067067151229058,30,-0.37140375646514945
sub-23,run-03,-0.34799878336969603,0.5023708476111042,0.15628512887095558,0.39735890241436234,0.05031274821338216,"[-1.0242587102176999, -0.1877640046766227, 0.3638178604184099, -0.09020535477708402, -0.8015837075954835]",0.3953291399213514,30,-0.8252974195629952
sub-23,run-04,-0.04487740092053936,0.28609506748449365,0.10278338684679689,0.3021731057194855,0.10681599951505794,"[0.1759519186979711, -0.54664936646487, 0.2416754604183481, 0.0676061828942458, -0.16297120014839184]",0.3205984822902268,30,-0.3710763615918441
sub-23,run-05,0.15553346242309857,0.16749260303990013,0.33384915992112774,0.6882150044071424,0.058636696047597796,"[-0.14676136266847628, 0.364428388297941, 0.17206144402152357, 0.22576398835566447, 0.16217485410884014]",0.5777968154300676,30,-0.27596687171155965
sub-23,run-06,0.003262263862240644,0.4552896630420549,0.1166797126750111,0.27659255949016515,0.014564389256277647,"[0.17090128228157453, -0.6052904417332992, 0.0920563532530958, -0.35365338438007177, 0.7122975098899038]",0.34158412239887737,30,-0.38574763656896277
sub-23,run-07,-0.4468734008462277,0.7580932103109074,0.053176152897013274,0.2020602768266956,0.06413307786337076,"[0.21518898925606533, -0.13577986025393884, -0.33947082597195877, -0.05358901810732575, -1.9207162891539804]",0.2305995509471191,30,-0.5115325957335726
sub-23,run-08,-1.3519617797609134,2.441855615711016,0.11635674169966947,0.4054202244073073,0.09697387496897796,"[0.14834838839877518, 0.10146633344989597, -6.207673424860772, -0.22317824694568933, -0.5787719488467771]",0.34111104013161125,30,-1.2867570578471441
sub-23,run-09,-0.12279981072867356,0.8491436539751096,0.15014217761602333,0.2880840009056628,0.08111440607110536,"[0.6693376674904372, 0.20088167768704834, -1.7741519524805804, 0.10883197231567288, 0.18110158134405419]",0.3874818416597392,30,-0.1683905010033358
sub-24,run-01,0.055372757658799766,0.4525713904457181,0.35040245256894575,0.48499220817765865,0.08490336890915988,"[-0.6259603875891262, 0.5727404426568465, 0.4017285125575949, 0.2431262814313826, -0.314771060762699]",0.5919480150899618,40,-0.20390096017673837
sub-24,run-02,0.3431901824478371,0.17745580033131775,0.5131017011124196,0.5484345382409069,0.05543155174117243,"[0.42806998879619496, 0.5169186649130826, 0.4589507753290789, 0.2912649253104119, 0.020746557890417128]",0.716311176174447,40,-0.2360279187105446
sub-24,run-03,-0.2945954963398557,0.8364561181767003,0.18923882560787342,0.3144549400171002,0.037853516067175574,"[0.10571166871602311, 0.0828713400063007, -0.22871542063946304, -1.9070842970972501, 0.47423922731511103]",0.43501589121303746,40,-1.010422381348459
sub-24,run-04,0.19283709821079115,0.8486648242818856,0.5151500170749154,0.605485695796838,0.06191087993052356,"[0.5073165610733998, 0.7534256460790365, -1.492854162330656, 0.6927347021803225, 0.5035627440518528]",0.7177395189585951,40,-0.11827800749354064
sub-24,run-05,-0.07101265503179599,0.3878514750062596,0.08094693971779687,0.2402243092072606,0.046823606322144676,"[0.669685246178999, -0.13709350213788007, -0.13049785819124526, -0.3219584087821117, -0.435198752226742]",0.2845117567303626,40,-0.6423065802673752
sub-24,run-06,-0.2951425416552108,0.6136299509483691,0.3322295436080376,0.6855341709252357,0.1274972611752334,"[0.2678650980353876, -0.2948280030928119, 0.4554888540463209, -1.215791845927352, -0.6884468113375986]",0.5763935665914719,30,-0.3559610270907182
sub-24,run-07,0.2255255751660167,0.27560914045107476,0.4354802026588822,0.643413095400512,0.033091326014260423,"[0.48847580154369896, -0.02864338883172457, 0.5439203647147854, -0.15155715939729641, 0.2754322578006202]",0.6599092381978621,60,-0.2897708549932111
sub-24,run-08,0.005357233506705627,0.28287460052858115,0.295699785851645,0.6054007545070851,0.12057716027211254,"[0.23552216252057923, 0.27756521519198474, 0.17232239910270608, -0.432105339379538, -0.22651826990220392]",0.5437828480668039,40,-0.08068749901108296
sub-24,run-09,0.5090719080612068,0.24383695348104847,0.647676014772635,0.7233738915257762,0.02946477008919009,"[0.8256709194747682, 0.15549936132627917, 0.7092907811538617, 0.5239419909432586, 0.33095648740786665]",0.8047832097979151,40,-0.19425031837151757
sub-24,run-10,0.2600446319408885,0.2011186214664593,0.4299736381768119,0.51845939199783,0.033342087434537634,"[0.0764065823196991, 0.5132693041347456, -0.02060099736761467, 0.32456858559684953, 0.4065796850207629]",0.6557237514203765,40,-0.32020562644153605
sub-24,run-11,-0.41798866554615816,1.2669510563169275,0.26670828199658436,0.4891025140347948,0.06951716285206787,"[-0.020049173764462358, -2.938136404659016, 0.24217325647262633, 0.38958819550050217, 0.23648079871955863]",0.5164380717923343,40,-0.35709948164673855
sub-24,run-12,0.1421678354041648,0.5375725865221518,0.4343220917466687,0.5324791446206542,0.05228955013451057,"[0.3938689894134779, -0.879570291279719, 0.6743397738325302, 0.3753857390436356, 0.14681496601089927]",0.6590311766120545,40,-0.2829193507234364
sub-24,run-13,-0.8629240141083427,0.7670530202286324,0.03983682947157674,0.1471089643389439,0.15081895707392495,"[-2.1068795078622213, -1.031168657272961, -1.0757286275255757, -0.03438845434123383, -0.06645482353972221]",0.19959165681855665,38,-0.5439752282745094
sub-25,run-01,-0.5457044523642836,1.4969452973781707,0.32925520260405816,0.5329208868758368,0.11669346595823094,"[-0.3094670050590467, 0.5475294632056451, -3.477123567549965, 0.05915560274680676, 0.45138324483514203]",0.5738076355400458,15,-0.8062932687132527
sub-25,run-02,-0.0017727439929721145,0.30427615645679573,0.11729078586670527,0.42192369680260955,0.07539574757222868,"[-0.03312257893317749, 0.3200551637414025, -0.567432984615529, 0.15209350545961609, 0.11954317438282736]",0.34247742387886687,30,0.02075246544353466
sub-25,run-03,-0.18576903413785512,0.7599671673790951,0.414149191847186,0.37268459447926017,0.03043153050425622,"[-0.828924848259672, 0.2913978343057455, 0.31454389573055686, 0.6320089630293728, -1.3378710154952786]",0.6435442423386181,30,-0.5742125386939575
sub-25,run-04,0.2102284199536068,0.23852539858340893,0.21388877403919448,0.4573940857410518,0.053368106081820355,"[0.4639586998136117, -0.24391631450870266, 0.2681500486808859, 0.2684687515856955, 0.29448091419654365]",0.46248110668349945,30,-0.12399799708290031
sub-25,run-05,-0.06383081469813982,0.6846155473559775,0.43455718534124077,0.6895186894896665,0.050130251401928956,"[0.27286371928818676, -0.14789914900562562, 0.7564593650383021, 0.09778362318295153, -1.298361631994514]",0.6592095155117533,30,-1.9834645550597827
sub-26,run-01,-0.5544455695503856,0.5929944671335661,0.2669135181856135,0.45223808685270245,0.10384318027512127,"[-0.02145446660661232, -1.2599878821775552, 0.054323163687939546, -0.2672818874751284, -1.2778267751805714]",0.5166367371622087,29,-0.8976742146262346
sub-26,run-02,0.19535036571680392,0.29485658605773574,0.22515268279476552,0.3230210648135192,0.01473859853716311,"[0.47803122231518136, -0.012886902171139303, 0.5891924595561854, -0.19155613315231967, 0.11397118203611178]",0.4745025635281282,30,-0.3794544458631072
sub-26,run-03,-1.5049136347823686,1.4732605412518938,0.06355339662567583,0.19769885427998188,0.10174193396496894,"[-1.3966780802577574, -0.3346156047109199, -4.160888053393949, 0.04063201518452475, -1.6730184507337427]",0.2520979901262117,30,-1.3043386678537117
sub-26,run-04,-0.3939786986456915,0.22175513740035055,0.06392320769547688,0.17247864357674927,0.03834995945949006,"[-0.18291099576512737, -0.6263053391963103, -0.15285443400863263, -0.6842446226643912, -0.323578101593996]",0.25283039314029593,30,-0.5657846571619979
sub-26,run-05,-0.045751165152122075,0.4785783500859741,0.22725473970661048,0.30304734591685784,0.012895008423341476,"[-0.8618626107836964, -0.2827270043209036, 0.4770040318185944, 0.15199200369905552, 0.2868377538263397]",0.47671242873100184,30,-0.23031512896754017
sub-26,run-06,0.14467128405282909,0.48040945244893,0.3903006053183098,0.4598533404336382,0.04084619937419242,"[0.7219500337346576, 0.20574302909961384, 0.11843536336082561, -0.7221690482359091, 0.39939704230495765]",0.6247404303535269,30,-0.3265019856700087
sub-26,run-07,0.1252483483779111,0.4476055768291413,0.4812519972735183,0.6314111691926155,0.07258585089657014,"[-0.05179656137740096, 0.6825933421775732, 0.26172683123289475, -0.636936032295452, 0.3706541621519406]",0.6937232858089151,30,-0.818988028606249
sub-26,run-08,-1.9866745758578488,3.2950407889377296,0.08917832247925139,0.18095377652141353,0.070142645659352,"[0.051787687791157055, 0.11672547224330454, -0.18422297333278626, -1.4381367786908683, -8.479526287300052]",0.2986273974022672,30,-1.4366754667081563
sub-26,run-09,-0.24868425327027482,0.5038151523318646,0.15814576764739896,0.393242284879848,0.09086822820387028,"[-1.217219593232544, 0.1823247469034236, 0.06105529183563552, -0.026538655279204182, -0.24304305657868497]",0.3976754551734353,30,-0.19772371088948923
sub-26,run-10,-0.5020902618347975,1.2527916271516497,0.409190733820616,0.6569750351160311,0.13857949193474806,"[-2.934918357169059, 0.22155651077169425, 0.5806593557370467, -0.053667091794694866, -0.3240817267189746]",0.6396801808877747,30,-0.27321375662753533
sub-27,run-01,0.6055438819398589,0.0984028526355197,0.6381605786324902,0.7119541677397244,0.03121512734994765,"[0.4758574184221922, 0.6347856032918174, 0.702509913661191, 0.5040033070552394, 0.7105631672688544]",0.7988495344133902,40,-0.11781351082706992
sub-27,run-02,0.23751513869292856,0.33377513908628054,0.4093058195417848,0.4159056362665357,0.013341376673203736,"[0.4125689343714962, 0.2563206891630335, 0.3681119719015592, -0.4023845422723935, 0.5529586403009474]",0.6397701302356846,40,-0.1972455046507146
sub-27,run-03,0.4316393616737427,0.5445892266289224,0.7872848142727396,0.5711150077686431,0.026264795636680986,"[0.8391324698334555, 0.9026015575546046, -0.5097753646357299, 0.14157010739522646, 0.784668038221157]",0.8872907157593501,40,-0.3015195089455601
sub-27,run-04,0.5682198594218104,0.2324674409979923,0.6672108576202611,0.6653852276862565,0.01841696851710421,"[0.8598003210530469, 0.5234590757642286, 0.27175276984505436, 0.8099049199185825, 0.3761822105281398]",0.8168297604888431,40,-0.3201962450801134
sub-27,run-05,0.30026034614146885,0.40961337882346127,0.6098838437073191,0.6393900891907732,0.05967478446450497,"[-0.20797852987300613, -0.0956332391318977, 0.28766730474839575, 0.7166367528060109, 0.8006094421578415]",0.7809506026038516,40,-0.25590380104803934
sub-28,run-01,0.09196027358291992,0.7215699855319974,0.48770715174515367,0.389672650280281,0.025219332742299972,"[0.052731126987167976, -1.2483813149851093, 0.24355570628813172, 0.8249413556694329, 0.5869544939549762]",0.6983603308788048,40,-0.5166495684223429
sub-28,run-02,-0.14950550198300872,0.7462969098063208,0.3260323079716706,0.6267904099196184,0.08943824813087148,"[0.6241615782006542, -0.1527125383049126, 0.11838260422276692, 0.21883855633870142, -1.5561977103722535]",0.5709923887160584,40,-0.3568972877590862
sub-28,run-03,0.3096774222517184,0.37888072615549856,0.4026946258637272,0.6565619442605636,0.08828638755879036,"[0.7485588733277793, -0.24269575756590034, 0.31624241977683565, 0.6904481382687799, 0.03583343745109757]",0.6345822451532401,40,-0.11576208728556778
sub-28,run-04,0.3443479121215942,0.2712882636572925,0.33935909567424694,0.47030705987944116,0.05807921496127753,"[0.4589244135199554, 0.4190637955151386, 0.7554307912818314, 0.03859207731587244, 0.04972848297517318]",0.5825453593277069,40,-0.22257288569311987
sub-29,run-01,0.3214467280481005,0.3839629090554639,0.794600946242996,0.6284703823290778,0.06915765399812705,"[0.6354032796013228, 0.8516735060224704, -0.16610633834376975, 0.31065452098186797, -0.02439132802138899]",0.8914039186827687,40,-0.41199951627541276
sub-29,run-02,-0.5826150371597099,0.8132440245737698,0.30501912381082463,0.5968953083121316,0.07286912352663658,"[-0.9975855631611068, 0.6625877263535515, -1.7771882416109155, -0.6134251243130457, -0.18746398306703282]",0.5522853644727738,40,-2.036369253233736
sub-29,run-03,0.32781860426897935,0.2419461413416859,0.4038049939948696,0.6114424201713751,0.03922487278277756,"[0.31120124902563195, 0.4230822769449173, 0.5458012021637838, 0.48920368085948596, -0.13019538764892236]",0.6354565240792399,40,-0.031462370784779335
sub-29,run-04,-0.30044626598787566,0.4705087052785858,0.657886912955201,0.7416295922228505,0.17358921477110686,"[0.5503851168467915, -0.13546982325906898, -0.6504185574312451, -0.5571673926488028, -0.709560673447053]",0.8111022826716744,40,-0.8568580474741386
sub-29,run-05,0.3914772672963889,0.574300387655118,0.6831698066743253,0.8673341910513805,0.04798601478405406,"[-0.753255699162632, 0.6287264330099169, 0.7624663822337306, 0.6390153390631936, 0.6804338813377353]",0.8265408681210659,40,-0.6592058684961829
sub-29,run-06,0.4360888485656174,0.3116293409207923,0.6511908895455496,0.6758073558453883,0.028556562564531686,"[0.7548752981379675, -0.05126458502313991, 0.4602550702187095, 0.7684970933845999, 0.2480813661099499]",0.8069639951977718,40,-0.2073199146217274
sub-29,run-07,0.16810758910853876,0.5239286999767053,0.5561305552447354,0.5543302148603908,0.03101524307208733,"[0.7323172773689914, 0.4972724675626665, -0.34971214379086213, 0.5313139883792213, -0.5706536439773233]",0.7457416142637712,40,-0.26596032864210517
sub-29,run-08,-0.2508609056500165,0.7694526571133657,0.3678522767793122,0.5698299993274697,0.11828157879483266,"[0.5328372460617692, -0.07860387709570604, 0.42346189022964564, -1.5821477930770174, -0.5498519943687741]",0.6065082660436807,40,-0.09331590725761667
sub-29,run-09,0.32955451179478323,0.25689919438837416,0.4649761446192324,0.6051419046879254,0.03518258618566775,"[0.5600755046650614, 0.17914449764702067, 0.18213075306849735, 0.023929595161418238, 0.7024922084319185]",0.681891593011112,40,-0.27232131346442484
sub-29,run-10,-0.026055365993883094,0.7223546472247327,0.6415724791660157,0.8827853328755803,0.1375502309218274,"[0.326612471725228, 0.6630238249122525, -0.5686795371736617, -1.1674614118371407, 0.6162278224039064]",0.800982196534989,40,-0.44627514011292196
sub-29,run-11,-0.37360005096695825,1.0533313127905517,0.42566694023943985,0.8338036601127238,0.15447017568325208,"[-0.2943220483783433, -2.360618343024827, 0.34220414563567625, 0.6526447118044035, -0.20790872087170076]",0.6524315598125521,40,-0.35105770503139866
sub-30,run-01,-0.16982807420996107,0.3086476725739515,0.12120869974626902,0.2799020708066755,0.07294724062503267,"[-0.640565748444996, 0.2014519439843584, -0.39149771753487284, 0.08066698572888498, -0.09919583478317984]",0.3481503981704873,40,-0.10441510643580634
sub-30,run-02,-0.464841064209735,1.1818046152978339,0.2462565869911305,0.47369304317405314,0.05221905730938992,"[0.11073899274745047, -2.7742017604184217, 0.30169702110030094, -0.34420174355888555, 0.38176216908088123]",0.49624246794397864,40,-1.2762487189793794
sub-30,run-03,-0.3139318060547336,0.5166548151724656,0.0003075159552332618,-0.04330855351938316,0.1397915247270139,"[-0.03718158338173949, -1.3462730440301942, -0.06742868787861744, -0.09095399488118727, -0.027821720101929515]",-0.017536132847148393,40,-0.25667636019040835
sub-30,run-04,-0.42659061540582666,0.52695263562699,0.09928420160111817,0.2644026935686393,0.05412204252209434,"[0.02934712923894145, 0.083498183863294, -0.15056428990688486, -0.8568457298583647, -1.2383883703661192]",0.3150939567829226,40,-0.5924954143146538
sub-30,run-05,-0.43047647210635825,0.5493147466825663,0.0815105681205689,0.17652632807396346,0.03603336052826278,"[-0.3704351167239899, -0.09457617505983573, -1.478428925552349, 0.09743991584172484, -0.3063820590373414]",0.2855005571283,40,-0.5275947102545657
sub-30,run-06,-0.2860954009127986,0.36891777044266344,0.09688073415610354,0.1905110343739686,0.07950373210611757,"[-0.679767385081423, 0.24926978682278078, -0.13697690775580673, -0.13621660278398973, -0.7267858957655542]",0.31125670138344624,40,-0.2367887597792852
sub-30,run-07,-0.2876122603983301,0.8427380804061528,0.2628378766536489,0.5433504666753805,0.09039128718175359,"[0.4051733683907789, 0.36200081965030184, -0.6093449560650888, -1.8041005226288118, 0.20820998866116935]",0.5126771661129929,40,-0.08450470316944045
sub-30,run-08,-0.2954800890179549,0.39867028924020553,0.034469550359137124,0.14046411786522173,0.064622729334965,"[-0.29553417832988016, 0.06116424265657172, -1.055760761236475, -0.15682163395885373, -0.030448114221137468]",0.18565977043812582,40,-0.28897058195418984
sub-30,run-09,-1.2345583006884384,2.274722835653603,0.10123844247058567,0.3811895526832088,0.10986075231973884,"[-0.30842212846672523, -5.74560350422549, -0.4904612753558528, 0.38049616439684397, -0.008800759790967616]",0.3181798901102732,39,-1.0274865617110231
sub-30,run-10,0.13009182739964437,0.19940770143169942,0.16229833803406035,0.3916048627278645,0.03199324365712639,"[0.1507599794195028, -0.13792616130908986, -0.03870969271116209, 0.4139019533684435, 0.2624330582305274]",0.4028626788796157,40,-0.07059597982323532
sub-31,run-01,-0.15711258960930938,0.10574835342870995,0.004748915944265075,0.04913642099231777,0.02981167780660036,"[-0.12319298328133654, -0.28316419087888867, -0.058982598406005504, -0.0392262242026129, -0.2809969512777033]",0.06891237874478798,40,-0.27015483874544477
sub-31,run-02,-0.15042595571660583,0.243346455508404,0.060516681731118904,0.4093547480451253,0.18693783587365836,"[-0.10181317626885367, 0.024981450955192774, -0.5309277357202964, -0.3023282416635502, 0.1579579241144783]",0.24600138562845342,40,-0.4029302041433116
sub-31,run-03,0.1512637261949191,0.36420595234382613,0.2689841922882178,0.5335001953223422,0.10247560345854514,"[0.61817711784863, 0.3924857622764186, -0.2903179007902208, 0.2977312582743058, -0.2617576066345384]",0.5186368597469887,40,-0.28955808564081126
sub-32,run-01,-0.12207886469137534,0.10250158230772963,0.0008559254978137698,-0.02206404776548949,0.0689709876491675,"[-0.13264955835277736, -0.06938026933136943, -0.08569834768830664, -0.3117303187636682, -0.010935829320755097]",-0.029256204432794412,30,-0.05172564800377941
sub-32,run-02,0.0033051468881976076,0.4026777581614445,0.36474948352146497,0.659365802328024,0.06913158547329475,"[0.4446064017806399, 0.07507481487876555, 0.2620045034981273, -0.7333713571418137, -0.03178862857473108]",0.603944934179818,29,-0.4536879578289327
sub-32,run-03,-1.6056890825438757,3.556427864071941,0.843664513846075,0.640941265201015,0.14984684059509965,"[-8.672745054507608, -0.5227760854669325, 0.4805054540484637, 0.046884703640343584, 0.6396855695663564]",0.9185121195967287,30,-1.592626049089038
sub-32,run-04,-2.320857272279718,4.111034884341322,0.03959110636747587,0.25166921926065344,0.21196619228496788,"[-0.4005670104362893, -0.2921377441887676, -0.37434142339050624, -10.537978983386878, 0.0007388000038495157]",0.19897514007401962,29,-1.8754847999154802
sub-32,run-05,-0.3767699903318331,0.3214205330847734,0.1838161523291798,0.3071855240585917,0.07501602466769017,"[-0.8748734233102198, -0.06169985301560055, -0.6365990333651108, -0.19779419136404242, -0.11288345060419203]",0.4287378596872216,30,-0.9038308076343116
sub-32,run-06,-0.203009596924897,0.33217885278741266,0.021351474325096986,0.1255723711408391,0.08347337540544224,"[0.017791318938517042, -0.6073152623441163, -0.3109923965723278, -0.4349926117952836, 0.32046096714872563]",0.14612143691155316,30,-0.22443565067041743
sub-32,run-07,-0.19426495503499314,0.15976535880486914,0.0007336626517365774,-0.05119271289877416,0.19947776606549278,"[-0.23846902118624747, -0.4554423407708694, -0.04001412145573213, -0.22415976045323993, -0.013239531308876673]",-0.027086207776962624,30,-0.06041283309915557
sub-32,run-08,-1.023802609108257,2.388694360549192,0.3440655269899292,0.8593083001880759,0.22021931371653086,"[-0.25158477491888753, -5.777391618569157, 0.24527374651170275, 0.17815580055544, 0.48653380087961695]",0.5865709905799374,30,-0.7748239996944948
sub-33,run-01,-1.7521509320913906,3.2631951773513213,0.019995146687883047,-0.18523738035705753,0.10356217997158805,"[-0.2671885944824304, -0.28903294579001604, -0.039316933876739624, -8.271911434817868, 0.10669524851009904]",-0.14140419614665997,40,-2.5741504246336193
sub-33,run-02,-1.2215015933282714,2.6273095696407838,0.1763330860065786,0.3357520103103582,0.09398263813680126,"[0.23130141608167365, -0.472982752107717, 0.23727094987434427, -6.443944552470348, 0.3408469719806908]",0.4199203329282572,39,-0.47058795504223855
sub-33,run-03,-0.613059405051126,0.9242832822032593,0.2504194947086448,0.47716783376634553,0.08936596926404204,"[-2.1824645989178078, 0.3270904136729812, -0.8044109076525816, -0.727765662837764, 0.3222537304795424]",0.5004193188803214,40,-0.5962820775512514
sub-33,run-04,-0.15036708542939511,0.15436898492986947,0.06566706361355834,0.24222808677050897,0.0721740134312762,"[-0.3275748421880458, -0.13658626640119476, 0.11278007679398327, -0.11856347580319038, -0.28189091954852796]",0.2562558557644266,35,-0.17492660648124975
sub-33,run-05,-0.15233002247913124,0.2726704132670577,0.11667726953584201,0.21547415542863488,0.026726151684249945,"[0.1492708658975639, -0.3476106322976502, -0.514380477277627, -0.22304573098302272, 0.1741158622650799]",0.34158054619056105,40,-0.29285106666016475
sub-34,run-01,-0.3573169735418144,0.609940487453474,0.252979108048785,0.4315359687900668,0.14440463608658569,"[-0.424474341226341, 0.05906867010406136, -1.5164892522088902, 0.12033535361003977, -0.025025297987942174]",0.502970285453112,30,-0.5366982943059462
sub-34,run-02,-0.17325230946687994,0.29371329295815335,0.029975981432648346,0.1433065292641069,0.0556838773686578,"[-0.20343115161286573, -0.7204149684502401, 0.13029916277074882, -0.06296338590921269, -0.009751204132830038]",0.17313573124184503,30,-0.21785869207678504
sub-34,run-03,-0.17340509767343598,0.25150633764709285,0.09533636603294493,0.2663868432239488,0.0794593356510962,"[-0.016971881408201828, -0.19261567679117197, 0.12645727352614666, -0.16173281305200904, -0.6221623906419438]",0.30876587575855075,30,-0.31804344274274604
sub-34,run-04,0.5237323526207158,0.36241755987469126,0.7402475364917771,0.7469361145140334,0.013136970747872193,"[0.3755714610499832, 0.8695905376791937, -0.06813181297319626, 0.5120384521194079, 0.9295931252281903]",0.8603763923375498,30,-1.7860659534230625
sub-34,run-05,-0.6499009264054716,1.0776648452146458,0.26033233482000795,0.4884659445316538,0.07311160508332344,"[0.32468122541196087, 0.2885667439482855, -2.6273568897288313, -0.43899490156581766, -0.7964008100929552]",0.5102277283919487,30,-1.4303977224906608
sub-34,run-06,-0.13372902941713988,0.6770290166454226,0.38442120135647706,0.42703965745592437,0.03903263062799695,"[-0.377345988960722, -1.211923156901547, 0.7713531045857942, 0.3609783079669605, -0.21170741377618518]",0.620017097632377,30,-0.3929300312055393
sub-34,run-07,-1.2581165705455697,2.906130866997898,0.24023479770983736,0.587403932397064,0.13684718171905375,"[0.4277221032234134, -7.053750139354223, -0.11288596463008771, 0.01122341072785038, 0.43710773730520014]",0.49013752938316923,30,-0.3970283139556947
sub-34,run-08,-1.4139975620977405,1.8152626416405164,0.16226079542843141,0.4978597687418159,0.16333876778249046,"[0.3767615229129052, -0.12190461705020184, -0.1933955853830014, -2.9138646757364697, -4.217584455231934]",0.40281608139252734,30,-1.3918299436983699
sub-34,run-09,-0.22248941031798397,0.5811548544486591,0.10450981098271084,0.40184461891598033,0.06712886572611365,"[-1.292012978473351, 0.031774842712213425, 0.18493349733668685, -0.35843526597002207, 0.3212928528045529]",0.32327977199743113,30,-0.45349997015487864
sub-34,run-10,-0.2805913840255649,0.6733063266048789,0.1536136401493866,0.6239279153825523,0.03550073150083983,"[-0.2811945711745092, -0.20642637046869616, 0.7264146062970186, -1.3967796969310675, -0.24497088785057008]",0.3919357602329575,30,-0.7611806553742377
sub-34,run-11,-0.6337168683600334,1.1056407000520725,0.5086018609702891,0.6999625365348464,0.1938306866363025,"[0.24452626729994442, -0.6174445925603103, -0.7959864668198982, 0.5885883172884452, -2.5882678670083483]",0.7131632779176793,30,-0.4380683675376756
sub-34,run-12,-0.32246844554292203,0.33403727767341296,0.13627340899270746,0.2447177269602308,0.07826758183083016,"[-0.6780000233702816, -0.5798286216824524, -0.42270313636833556, -0.19056707449944277, 0.2587566282059022]",0.36915228428482894,30,-0.30898379082126926
sub-35,run-01,0.2985380417814224,0.18106291521047818,0.41666081836711033,0.6555588577343887,0.05629428811057223,"[0.4659689863088732, 0.3228471906623577, -0.0040576289434344215, 0.4910537966609938, 0.216877864218322]",0.6454926942786497,60,-0.008680639445219995
sub-35,run-02,-0.16465269783506795,0.21609926886662612,0.05596535722901386,0.13240359020094075,0.016349727395776944,"[-0.06980487245902967, -0.47510826865100775, -0.27230445470304243, -0.1822971011503507, 0.17625120778809078]",0.2365699837870692,40,-0.29149741661425566
sub-35,run-03,0.2253818515797748,0.20640909548150368,0.4301032316521871,0.7602472673450693,0.06920502158915795,"[-0.11183079177606503, 0.2232655117361686, 0.13884995373500864, 0.46218919943514636, 0.4144353847686154]",0.6558225611033729,60,-0.1585694415636461
sub-35,run-04,-0.13760319451084457,0.20394805862063684,0.04469747789730927,0.2738161068392344,0.1194942888055115,"[-0.015462933880995955, -0.15512978720205184, 0.17971474055916625, -0.3095509384538202, -0.3875870535765211]",0.21141778046633003,40,-0.18744939219685214
sub-35,run-06,0.3329807359380369,0.4389753207493796,0.5442543331509542,0.7180906534694744,0.03347913004745179,"[0.6359174249835744, 0.2167624699078461, 0.7333598488060118, -0.47319564824424654, 0.5520595842369985]",0.73773595083265,40,-0.3599679046065224
sub-35,run-07,0.02934912981210409,0.4351133717968021,0.2991225987412218,0.5280035625178314,0.06974993422653669,"[-0.01294066658401638, 0.4636272750802781, -0.7820658326183647, 0.30934299545555555, 0.16878187772706787]",0.5469210169130656,40,-0.2905746651323157
sub-35,run-08,0.39374553434082565,0.41806530668843483,0.5332135964635538,0.6165364358695216,0.04003298829661451,"[0.7136721352041819, 0.15229759315777414, -0.3037857134973936, 0.5708332202314786, 0.8357104366080873]",0.7302147605078616,40,-0.12931241413239492
sub-35,run-09,0.03014892472380093,0.5455809513726969,0.3348406684386843,0.6498283930553101,0.12862786225951994,"[-0.7363405192896768, -0.5144412354587058, 0.603712031400475, 0.4393326156876751, 0.3584817312792371]",0.5786541872644528,40,-0.13223087390224186
sub-35,run-10,-0.25293832351535106,0.1555497744081878,0.03839918574901002,0.16141342066826198,0.05935259596222821,"[-0.28835029039594073, 0.007793413281839023, -0.37823684045467987, -0.4275317974385202, -0.17836610256945362]",0.19595710180804915,40,-0.23800723566628781
sub-35,run-11,-0.20248383800562614,0.5320346567591979,0.23719000318758532,0.4658806672872554,0.1100186476200105,"[0.2935310240059624, -0.10434919887858163, -1.079578295633572, -0.4795323373883684, 0.35750961786642876]",0.48702156337023234,40,-0.1877387851189552
sub-35,run-12,0.053479220224655365,0.27250800299536504,0.4068799631970694,0.5165784124313026,0.06828259776353619,"[0.4903047440680748, 0.02662946363132712, 0.18373167212819208, -0.3084952321573575, -0.12477454654695963]",0.6378714315573865,40,-0.6658438073205057
sub-35,run-13,0.34622128970572874,0.31133962657992037,0.5609808248588206,0.7233417805504961,0.023318977985739325,"[-0.17796630292983173, 0.2507555661743798, 0.3584527959336571, 0.739779958734252, 0.5600844306161867]",0.7489865318273893,40,-0.3957292626939567
sub-36,run-01,-2.75323880252913,4.470166556533758,0.00682074981635461,0.07221672031531459,0.048953790165497266,"[-0.3023376730174785, -11.618331596321237, -0.020541118426070204, -0.18077361844949968, -1.6442100064313654]",0.08258783092172337,15,-0.8823932045453692
sub-36,run-03,-0.6849294105193071,0.4073377017622012,0.06555002707850655,0.2359105120019364,0.22494902685921883,"[-1.2652093284398478, -0.912337538964392, -0.02986144905593968, -0.6231158687879454, -0.5941228673484111]",0.25602739517189715,15,-0.5057687798614184
sub-36,run-04,-1.2110436288206685,1.981810140808632,0.20328592108988175,0.20718773297493936,0.08087033572812231,"[-0.3578499614253219, -5.160323517828285, -0.2969777640916389, -0.3402416146996017, 0.10017471394150446]",0.45087240000900614,15,-1.0326270582427057
sub-36,run-05,-8.876546575993094,12.927027995915866,0.2804812622469053,0.44755960040552223,0.09946076852056922,"[-0.3368644560598675, -0.05822550288441097, 0.5768035230920987, -33.14641085861101, -11.41803558550228]",0.5296048170540986,15,-9.09637735264477
sub-36,run-06,-5.0680579446394365,4.158801384576875,0.22541589356730785,0.38365949169493535,0.1435021363684236,"[-0.5224684800566026, -12.92043143272544, -4.028140161743818, -3.4320208384359194, -4.437228810235408]",0.4747798369426691,15,-4.282068012244
sub-36,run-07,-0.13346639227112744,0.4929516957583922,0.3888701384308473,0.5111455056100209,0.04775061609006312,"[0.04338611764098188, -1.0492257893494488, 0.3003735133779717, 0.2539764350582734, -0.2158422380834153]",0.6235945304689958,30,-0.6519033498601731
sub-36,run-08,-4.915880625905435,9.345176322051532,0.001810638223782246,-0.05072708140699864,0.11125298877232699,"[-0.23429532188579127, -0.21295371718472556, -0.3870937176064342, -23.605538813947792, -0.1395215589024288]",-0.042551594844169975,15,-3.610510536077983
sub-36,run-09,-5.519820834405617,5.695578896768623,0.271980326103864,0.4765409952088012,0.08172554740999485,"[-4.585744127674764, -14.095328014596198, 0.6749152591311148, 0.12109966827862861, -9.714046957166865]",0.5215173305882213,15,-8.972056695259905
sub-36,run-11,-6.914531738145335,7.91091157504454,0.13600296509584298,0.1603772813527575,0.07409327780488877,"[-0.6370434194053043, -2.9541569764643594, -9.953978940220995, -21.065382843739492, 0.037903489103477184]",0.3687857983922958,15,-5.385770292939889
sub-36,run-12,0.07225726950858083,0.29756131202311836,0.23155389396001314,0.30496624439637776,0.04972628093100068,"[0.04834940290609968, 0.5021787273410523, -0.4302833458097022, 0.1277257395737389, 0.11331582353171543]",0.481200471695543,15,-0.36930802932031626
sub-36,run-13,-1.6205235760630743,3.82489920641604,0.3349680548165168,0.4370119684883599,0.08456081868969105,"[0.44358608133779454, -9.253507609861574, 0.06080081528303549, 0.6717493405164159, -0.025246507591043077]",0.5787642480462291,15,-0.6304227383445978
